name,target
eight_001.png,8
eight_002.png,8
eight_003.png,8
eight_004.png,8
eight_005.png,8
eight_006.png,8
eight_007.png,8
eight_008.png,8
eight_009.png,8
eight_010.png,8
eight_011.png,8
eight_012.png,8
eight_013.png,8
eight_014.png,8
eight_015.png,8
eight_016.png,8
eight_017.png,8
eight_018.png,8
eight_019.png,8
eight_020.png,8
eight_021.png,8
eight_022.png,8
eight_023.png,8
eight_024.png,8
eight_025.png,8
eight_026.png,8
eight_027.png,8
eight_028.png,8
eight_029.png,8
eight_030.png,8
eight_031.png,8
eight_032.png,8
eight_033.png,8
eight_034.png,8
eight_035.png,8
eight_036.png,8
eight_037.png,8
eight_038.png,8
eight_039.png,8
eight_040.png,8
eight_041.png,8
eight_042.png,8
eight_043.png,8
eight_044.png,8
eight_045.png,8
eight_046.png,8
eight_047.png,8
eight_048.png,8
eight_049.png,8
eight_050.png,8
eight_051.png,8
eight_052.png,8
eight_053.png,8
eight_054.png,8
eight_055.png,8
eight_056.png,8
eight_057.png,8
eight_058.png,8
eight_059.png,8
eight_060.png,8
eight_061.png,8
eight_062.png,8
eight_063.png,8
eight_064.png,8
eight_065.png,8
eight_066.png,8
eight_067.png,8
eight_068.png,8
eight_069.png,8
eight_070.png,8
eight_071.png,8
eight_072.png,8
eight_073.png,8
eight_074.png,8
eight_075.png,8
eight_076.png,8
eight_077.png,8
eight_078.png,8
eight_079.png,8
eight_080.png,8
eight_081.png,8
eight_082.png,8
eight_083.png,8
eight_084.png,8
eight_085.png,8
eight_086.png,8
eight_087.png,8
eight_088.png,8
eight_089.png,8
eight_090.png,8
eight_091.png,8
eight_092.png,8
eight_093.png,8
eight_094.png,8
eight_095.png,8
eight_096.png,8
eight_097.png,8
eight_098.png,8
eight_099.png,8
eight_100.png,8
eight_101.png,8
eight_102.png,8
eight_103.png,8
eight_104.png,8
eight_105.png,8
eight_106.png,8
eight_107.png,8
eight_108.png,8
eight_109.png,8
eight_110.png,8
eight_111.png,8
eight_112.png,8
eight_113.png,8
eight_114.png,8
eight_115.png,8
eight_116.png,8
eight_117.png,8
eight_118.png,8
eight_119.png,8
eight_120.png,8
eight_121.png,8
eight_122.png,8
eight_123.png,8
eight_124.png,8
eight_125.png,8
eight_126.png,8
eight_127.png,8
eight_128.png,8
eight_129.png,8
eight_130.png,8
eight_131.png,8
eight_132.png,8
eight_133.png,8
eight_134.png,8
eight_135.png,8
eight_136.png,8
eight_137.png,8
eight_138.png,8
eight_139.png,8
eight_140.png,8
eight_141.png,8
eight_142.png,8
eight_143.png,8
eight_144.png,8
eight_145.png,8
eight_146.png,8
eight_147.png,8
eight_148.png,8
eight_149.png,8
eight_150.png,8
eight_151.png,8
eight_152.png,8
eight_153.png,8
eight_154.png,8
eight_155.png,8
eight_156.png,8
eight_157.png,8
eight_158.png,8
eight_159.png,8
eight_160.png,8
eight_161.png,8
eight_162.png,8
eight_163.png,8
eight_164.png,8
eight_165.png,8
eight_166.png,8
eight_167.png,8
eight_168.png,8
eight_169.png,8
eight_170.png,8
eight_171.png,8
eight_172.png,8
eight_173.png,8
eight_174.png,8
eight_175.png,8
eight_176.png,8
eight_177.png,8
eight_178.png,8
eight_179.png,8
eight_180.png,8
eight_181.png,8
eight_182.png,8
eight_183.png,8
eight_184.png,8
eight_185.png,8
eight_186.png,8
eight_187.png,8
eight_188.png,8
eight_189.png,8
eight_190.png,8
eight_191.png,8
eight_192.png,8
eight_193.png,8
eight_194.png,8
eight_195.png,8
eight_196.png,8
eight_197.png,8
eight_198.png,8
eight_199.png,8
eight_200.png,8
eight_201.png,8
eight_202.png,8
eight_203.png,8
eight_204.png,8
eight_205.png,8
eight_206.png,8
eight_207.png,8
eight_208.png,8
eight_209.png,8
eight_210.png,8
eight_211.png,8
eight_212.png,8
eight_213.png,8
eight_214.png,8
eight_215.png,8
eight_216.png,8
eight_217.png,8
eight_218.png,8
eight_219.png,8
eight_220.png,8
eight_221.png,8
eight_222.png,8
eight_223.png,8
eight_224.png,8
eight_225.png,8
eight_226.png,8
eight_227.png,8
eight_228.png,8
eight_229.png,8
eight_230.png,8
eight_231.png,8
eight_232.png,8
eight_233.png,8
eight_234.png,8
eight_235.png,8
eight_236.png,8
eight_237.png,8
eight_238.png,8
eight_239.png,8
eight_240.png,8
eight_241.png,8
eight_242.png,8
eight_243.png,8
eight_244.png,8
eight_245.png,8
eight_246.png,8
eight_247.png,8
eight_248.png,8
eight_249.png,8
eight_250.png,8
eight_251.png,8
eight_252.png,8
eight_253.png,8
eight_254.png,8
eight_255.png,8
eight_256.png,8
eight_257.png,8
eight_258.png,8
eight_259.png,8
eight_260.png,8
eight_261.png,8
eight_262.png,8
eight_263.png,8
eight_264.png,8
eight_265.png,8
eight_266.png,8
eight_267.png,8
eight_268.png,8
eight_269.png,8
eight_270.png,8
eight_271.png,8
eight_272.png,8
eight_273.png,8
eight_274.png,8
eight_275.png,8
eight_276.png,8
eight_277.png,8
eight_278.png,8
eight_279.png,8
eight_280.png,8
eight_281.png,8
eight_282.png,8
eight_283.png,8
eight_284.png,8
eight_285.png,8
eight_286.png,8
eight_287.png,8
eight_288.png,8
eight_289.png,8
eight_290.png,8
eight_291.png,8
eight_292.png,8
eight_293.png,8
eight_294.png,8
eight_295.png,8
eight_296.png,8
eight_297.png,8
eight_298.png,8
eight_299.png,8
eight_300.png,8
eight_301.png,8
eight_302.png,8
eight_303.png,8
eight_304.png,8
eight_305.png,8
eight_306.png,8
eight_307.png,8
eight_308.png,8
eight_309.png,8
eight_310.png,8
eight_311.png,8
eight_312.png,8
eight_313.png,8
eight_314.png,8
eight_315.png,8
eight_316.png,8
eight_317.png,8
eight_318.png,8
eight_319.png,8
eight_320.png,8
eight_321.png,8
eight_322.png,8
eight_323.png,8
eight_324.png,8
eight_325.png,8
eight_326.png,8
eight_327.png,8
eight_328.png,8
eight_329.png,8
eight_330.png,8
eight_331.png,8
eight_332.png,8
eight_333.png,8
eight_334.png,8
eight_335.png,8
eight_336.png,8
eight_337.png,8
eight_338.png,8
eight_339.png,8
eight_340.png,8
eight_341.png,8
eight_342.png,8
eight_343.png,8
eight_344.png,8
eight_345.png,8
eight_346.png,8
eight_347.png,8
eight_348.png,8
eight_349.png,8
eight_350.png,8
eight_351.png,8
eight_352.png,8
eight_353.png,8
eight_354.png,8
eight_355.png,8
eight_356.png,8
eight_357.png,8
eight_358.png,8
eight_359.png,8
eight_360.png,8
five_003.png,5
five_007.png,5
five_009.png,5
five_010.png,5
five_012.png,5
five_014.png,5
five_015.png,5
five_017.png,5
five_020.png,5
five_023.png,5
five_024.png,5
five_028.png,5
five_029.png,5
five_032.png,5
five_033.png,5
five_034.png,5
five_035.png,5
five_036.png,5
five_037.png,5
five_038.png,5
five_041.png,5
five_042.png,5
five_043.png,5
five_050.png,5
five_053.png,5
five_056.png,5
five_059.png,5
five_060.png,5
five_061.png,5
five_062.png,5
five_067.png,5
five_071.png,5
five_072.png,5
five_073.png,5
five_078.png,5
five_079.png,5
five_081.png,5
five_082.png,5
five_083.png,5
five_084.png,5
five_085.png,5
five_087.png,5
five_088.png,5
five_090.png,5
five_091.png,5
five_093.png,5
five_094.png,5
five_095.png,5
five_096.png,5
five_100.png,5
five_101.png,5
five_102.png,5
five_105.png,5
five_111.png,5
five_113.png,5
five_115.png,5
five_117.png,5
five_119.png,5
five_121.png,5
five_124.png,5
five_127.png,5
five_128.png,5
five_131.png,5
five_132.png,5
five_135.png,5
five_136.png,5
five_137.png,5
five_138.png,5
five_144.png,5
five_146.png,5
five_147.png,5
five_149.png,5
five_151.png,5
five_154.png,5
five_155.png,5
five_160.png,5
five_164.png,5
five_166.png,5
five_167.png,5
five_168.png,5
five_173.png,5
five_174.png,5
five_175.png,5
five_176.png,5
five_178.png,5
five_179.png,5
five_180.png,5
five_181.png,5
five_183.png,5
five_185.png,5
five_188.png,5
five_191.png,5
five_192.png,5
five_193.png,5
five_196.png,5
five_197.png,5
five_198.png,5
five_199.png,5
five_200.png,5
five_201.png,5
five_203.png,5
five_211.png,5
five_212.png,5
five_214.png,5
five_216.png,5
five_217.png,5
five_218.png,5
five_220.png,5
five_222.png,5
five_226.png,5
five_227.png,5
five_228.png,5
five_230.png,5
five_233.png,5
five_234.png,5
five_235.png,5
five_237.png,5
five_240.png,5
five_244.png,5
five_246.png,5
five_248.png,5
five_250.png,5
five_253.png,5
five_254.png,5
five_256.png,5
five_257.png,5
five_258.png,5
five_264.png,5
five_265.png,5
five_266.png,5
five_269.png,5
five_270.png,5
five_271.png,5
five_273.png,5
five_276.png,5
five_277.png,5
five_278.png,5
five_279.png,5
five_280.png,5
five_282.png,5
five_283.png,5
five_288.png,5
five_291.png,5
five_292.png,5
five_294.png,5
five_297.png,5
five_298.png,5
five_302.png,5
five_303.png,5
five_304.png,5
five_306.png,5
five_308.png,5
five_309.png,5
five_310.png,5
five_313.png,5
five_315.png,5
five_316.png,5
five_319.png,5
five_320.png,5
five_321.png,5
five_322.png,5
five_323.png,5
five_324.png,5
five_329.png,5
five_330.png,5
five_331.png,5
five_334.png,5
five_336.png,5
five_338.png,5
five_344.png,5
five_345.png,5
five_346.png,5
five_347.png,5
five_348.png,5
five_350.png,5
five_351.png,5
five_352.png,5
five_356.png,5
four_002.png,4
four_003.png,4
four_004.png,4
four_005.png,4
four_006.png,4
four_007.png,4
four_010.png,4
four_011.png,4
four_012.png,4
four_013.png,4
four_014.png,4
four_017.png,4
four_019.png,4
four_020.png,4
four_021.png,4
four_022.png,4
four_024.png,4
four_025.png,4
four_027.png,4
four_028.png,4
four_029.png,4
four_031.png,4
four_033.png,4
four_035.png,4
four_036.png,4
four_037.png,4
four_039.png,4
four_040.png,4
four_041.png,4
four_042.png,4
four_043.png,4
four_044.png,4
four_049.png,4
four_050.png,4
four_052.png,4
four_053.png,4
four_054.png,4
four_055.png,4
four_057.png,4
four_058.png,4
four_059.png,4
four_060.png,4
four_061.png,4
four_062.png,4
four_063.png,4
four_065.png,4
four_066.png,4
four_068.png,4
four_069.png,4
four_071.png,4
four_072.png,4
four_073.png,4
four_074.png,4
four_075.png,4
four_076.png,4
four_077.png,4
four_078.png,4
four_079.png,4
four_080.png,4
four_082.png,4
four_084.png,4
four_088.png,4
four_089.png,4
four_090.png,4
four_091.png,4
four_092.png,4
four_093.png,4
four_095.png,4
four_096.png,4
four_098.png,4
four_099.png,4
four_100.png,4
four_102.png,4
four_103.png,4
four_105.png,4
four_106.png,4
four_107.png,4
four_108.png,4
four_110.png,4
four_111.png,4
four_112.png,4
four_113.png,4
four_115.png,4
four_116.png,4
four_120.png,4
four_121.png,4
four_123.png,4
four_124.png,4
four_125.png,4
four_126.png,4
four_132.png,4
four_133.png,4
four_134.png,4
four_135.png,4
four_136.png,4
four_138.png,4
four_139.png,4
four_140.png,4
four_142.png,4
four_143.png,4
four_145.png,4
four_146.png,4
four_147.png,4
four_150.png,4
four_151.png,4
four_152.png,4
four_153.png,4
four_154.png,4
four_155.png,4
four_156.png,4
four_157.png,4
four_158.png,4
four_161.png,4
four_162.png,4
four_164.png,4
four_165.png,4
four_166.png,4
four_168.png,4
four_170.png,4
four_171.png,4
four_172.png,4
four_174.png,4
four_175.png,4
four_176.png,4
four_178.png,4
four_179.png,4
four_180.png,4
four_181.png,4
four_182.png,4
four_183.png,4
four_184.png,4
four_186.png,4
four_187.png,4
four_190.png,4
four_191.png,4
four_192.png,4
four_193.png,4
four_194.png,4
four_195.png,4
four_199.png,4
four_200.png,4
four_201.png,4
four_202.png,4
four_204.png,4
four_205.png,4
four_209.png,4
four_210.png,4
four_211.png,4
four_212.png,4
four_214.png,4
four_216.png,4
four_217.png,4
four_219.png,4
four_222.png,4
four_224.png,4
four_226.png,4
four_227.png,4
four_228.png,4
four_230.png,4
four_232.png,4
four_234.png,4
four_235.png,4
four_238.png,4
four_240.png,4
four_241.png,4
four_242.png,4
four_243.png,4
four_244.png,4
four_245.png,4
four_247.png,4
four_248.png,4
four_249.png,4
four_250.png,4
four_251.png,4
four_252.png,4
four_254.png,4
four_255.png,4
four_256.png,4
four_257.png,4
four_258.png,4
four_260.png,4
four_261.png,4
four_262.png,4
four_263.png,4
four_264.png,4
four_265.png,4
four_267.png,4
four_270.png,4
four_271.png,4
four_273.png,4
four_274.png,4
four_276.png,4
four_278.png,4
four_280.png,4
four_282.png,4
four_284.png,4
four_285.png,4
four_287.png,4
four_288.png,4
four_289.png,4
four_290.png,4
four_292.png,4
four_293.png,4
four_294.png,4
four_295.png,4
four_298.png,4
four_299.png,4
four_300.png,4
four_301.png,4
four_302.png,4
four_305.png,4
four_306.png,4
four_308.png,4
four_309.png,4
four_311.png,4
four_312.png,4
four_313.png,4
four_314.png,4
four_315.png,4
four_316.png,4
four_319.png,4
four_321.png,4
four_324.png,4
four_325.png,4
four_326.png,4
four_327.png,4
four_328.png,4
four_329.png,4
four_330.png,4
four_332.png,4
four_333.png,4
four_334.png,4
four_336.png,4
four_337.png,4
four_339.png,4
four_340.png,4
four_341.png,4
four_342.png,4
four_343.png,4
four_344.png,4
four_345.png,4
four_346.png,4
four_347.png,4
four_348.png,4
four_350.png,4
four_353.png,4
four_354.png,4
four_355.png,4
four_356.png,4
four_357.png,4
four_360.png,4
nine_001.png,9
nine_003.png,9
nine_006.png,9
nine_008.png,9
nine_009.png,9
nine_010.png,9
nine_011.png,9
nine_013.png,9
nine_016.png,9
nine_018.png,9
nine_019.png,9
nine_020.png,9
nine_023.png,9
nine_024.png,9
nine_025.png,9
nine_026.png,9
nine_029.png,9
nine_031.png,9
nine_032.png,9
nine_033.png,9
nine_034.png,9
nine_035.png,9
nine_037.png,9
nine_038.png,9
nine_040.png,9
nine_041.png,9
nine_042.png,9
nine_043.png,9
nine_046.png,9
nine_047.png,9
nine_048.png,9
nine_051.png,9
nine_056.png,9
nine_057.png,9
nine_058.png,9
nine_059.png,9
nine_062.png,9
nine_063.png,9
nine_064.png,9
nine_065.png,9
nine_069.png,9
nine_071.png,9
nine_072.png,9
nine_074.png,9
nine_075.png,9
nine_077.png,9
nine_078.png,9
nine_080.png,9
nine_084.png,9
nine_085.png,9
nine_087.png,9
nine_088.png,9
nine_090.png,9
nine_092.png,9
nine_093.png,9
nine_094.png,9
nine_095.png,9
nine_096.png,9
nine_099.png,9
nine_100.png,9
nine_102.png,9
nine_103.png,9
nine_104.png,9
nine_105.png,9
nine_106.png,9
nine_107.png,9
nine_108.png,9
nine_110.png,9
nine_111.png,9
nine_113.png,9
nine_115.png,9
nine_117.png,9
nine_118.png,9
nine_121.png,9
nine_124.png,9
nine_125.png,9
nine_126.png,9
nine_127.png,9
nine_129.png,9
nine_130.png,9
nine_131.png,9
nine_132.png,9
nine_133.png,9
nine_134.png,9
nine_135.png,9
nine_136.png,9
nine_137.png,9
nine_138.png,9
nine_139.png,9
nine_140.png,9
nine_141.png,9
nine_142.png,9
nine_143.png,9
nine_144.png,9
nine_147.png,9
nine_148.png,9
nine_149.png,9
nine_150.png,9
nine_151.png,9
nine_152.png,9
nine_153.png,9
nine_154.png,9
nine_155.png,9
nine_156.png,9
nine_157.png,9
nine_159.png,9
nine_160.png,9
nine_161.png,9
nine_163.png,9
nine_164.png,9
nine_165.png,9
nine_166.png,9
nine_167.png,9
nine_168.png,9
nine_169.png,9
nine_171.png,9
nine_175.png,9
nine_176.png,9
nine_177.png,9
nine_178.png,9
nine_180.png,9
nine_183.png,9
nine_184.png,9
nine_185.png,9
nine_186.png,9
nine_187.png,9
nine_188.png,9
nine_190.png,9
nine_191.png,9
nine_192.png,9
nine_193.png,9
nine_194.png,9
nine_195.png,9
nine_196.png,9
nine_200.png,9
nine_201.png,9
nine_203.png,9
nine_204.png,9
nine_206.png,9
nine_208.png,9
nine_211.png,9
nine_214.png,9
nine_220.png,9
nine_221.png,9
nine_222.png,9
nine_223.png,9
nine_224.png,9
nine_227.png,9
nine_228.png,9
nine_229.png,9
nine_231.png,9
nine_232.png,9
nine_234.png,9
nine_237.png,9
nine_239.png,9
nine_241.png,9
nine_243.png,9
nine_244.png,9
nine_245.png,9
nine_247.png,9
nine_249.png,9
nine_250.png,9
nine_251.png,9
nine_252.png,9
nine_253.png,9
nine_254.png,9
nine_258.png,9
nine_259.png,9
nine_263.png,9
nine_265.png,9
nine_266.png,9
nine_267.png,9
nine_270.png,9
nine_271.png,9
nine_272.png,9
nine_273.png,9
nine_275.png,9
nine_279.png,9
nine_280.png,9
nine_281.png,9
nine_283.png,9
nine_284.png,9
nine_287.png,9
nine_289.png,9
nine_291.png,9
nine_292.png,9
nine_294.png,9
nine_296.png,9
nine_297.png,9
nine_298.png,9
nine_300.png,9
nine_304.png,9
nine_307.png,9
nine_308.png,9
nine_310.png,9
nine_312.png,9
nine_313.png,9
nine_316.png,9
nine_317.png,9
nine_318.png,9
nine_321.png,9
nine_323.png,9
nine_326.png,9
nine_330.png,9
nine_333.png,9
nine_336.png,9
nine_337.png,9
nine_338.png,9
nine_341.png,9
nine_342.png,9
nine_343.png,9
nine_344.png,9
nine_345.png,9
nine_346.png,9
nine_347.png,9
nine_348.png,9
nine_350.png,9
nine_351.png,9
nine_352.png,9
nine_358.png,9
one_001.png,1
one_002.png,1
one_003.png,1
one_004.png,1
one_005.png,1
one_006.png,1
one_007.png,1
one_008.png,1
one_009.png,1
one_010.png,1
one_011.png,1
one_012.png,1
one_013.png,1
one_014.png,1
one_015.png,1
one_016.png,1
one_017.png,1
one_018.png,1
one_019.png,1
one_020.png,1
one_022.png,1
one_023.png,1
one_024.png,1
one_025.png,1
one_026.png,1
one_027.png,1
one_028.png,1
one_029.png,1
one_030.png,1
one_031.png,1
one_032.png,1
one_033.png,1
one_034.png,1
one_035.png,1
one_036.png,1
one_037.png,1
one_038.png,1
one_039.png,1
one_040.png,1
one_042.png,1
one_043.png,1
one_044.png,1
one_045.png,1
one_046.png,1
one_047.png,1
one_048.png,1
one_049.png,1
one_050.png,1
one_051.png,1
one_052.png,1
one_053.png,1
one_054.png,1
one_055.png,1
one_056.png,1
one_057.png,1
one_058.png,1
one_059.png,1
one_060.png,1
one_061.png,1
one_062.png,1
one_063.png,1
one_064.png,1
one_065.png,1
one_066.png,1
one_067.png,1
one_068.png,1
one_069.png,1
one_070.png,1
one_071.png,1
one_072.png,1
one_073.png,1
one_074.png,1
one_075.png,1
one_076.png,1
one_077.png,1
one_078.png,1
one_079.png,1
one_080.png,1
one_081.png,1
one_082.png,1
one_083.png,1
one_084.png,1
one_085.png,1
one_086.png,1
one_087.png,1
one_088.png,1
one_089.png,1
one_090.png,1
one_091.png,1
one_092.png,1
one_093.png,1
one_094.png,1
one_095.png,1
one_096.png,1
one_097.png,1
one_098.png,1
one_099.png,1
one_101.png,1
one_102.png,1
one_103.png,1
one_104.png,1
one_105.png,1
one_106.png,1
one_107.png,1
one_108.png,1
one_109.png,1
one_110.png,1
one_111.png,1
one_112.png,1
one_113.png,1
one_114.png,1
one_115.png,1
one_116.png,1
one_117.png,1
one_118.png,1
one_119.png,1
one_120.png,1
one_121.png,1
one_122.png,1
one_123.png,1
one_124.png,1
one_125.png,1
one_126.png,1
one_127.png,1
one_128.png,1
one_129.png,1
one_130.png,1
one_131.png,1
one_132.png,1
one_134.png,1
one_135.png,1
one_136.png,1
one_137.png,1
one_138.png,1
one_139.png,1
one_140.png,1
one_141.png,1
one_142.png,1
one_143.png,1
one_144.png,1
one_145.png,1
one_146.png,1
one_147.png,1
one_148.png,1
one_149.png,1
one_150.png,1
one_151.png,1
one_152.png,1
one_153.png,1
one_154.png,1
one_155.png,1
one_156.png,1
one_157.png,1
one_158.png,1
one_159.png,1
one_160.png,1
one_161.png,1
one_162.png,1
one_164.png,1
one_165.png,1
one_166.png,1
one_167.png,1
one_168.png,1
one_169.png,1
one_170.png,1
one_171.png,1
one_172.png,1
one_173.png,1
one_174.png,1
one_175.png,1
one_176.png,1
one_177.png,1
one_178.png,1
one_179.png,1
one_180.png,1
one_181.png,1
one_182.png,1
one_183.png,1
one_184.png,1
one_185.png,1
one_186.png,1
one_187.png,1
one_188.png,1
one_189.png,1
one_190.png,1
one_191.png,1
one_192.png,1
one_193.png,1
one_194.png,1
one_195.png,1
one_196.png,1
one_197.png,1
one_198.png,1
one_199.png,1
one_200.png,1
one_201.png,1
one_202.png,1
one_203.png,1
one_204.png,1
one_205.png,1
one_207.png,1
one_209.png,1
one_211.png,1
one_212.png,1
one_213.png,1
one_214.png,1
one_215.png,1
one_216.png,1
one_217.png,1
one_218.png,1
one_219.png,1
one_220.png,1
one_221.png,1
one_222.png,1
one_223.png,1
one_224.png,1
one_225.png,1
one_226.png,1
one_227.png,1
one_228.png,1
one_229.png,1
one_230.png,1
one_231.png,1
one_233.png,1
one_234.png,1
one_235.png,1
one_236.png,1
one_237.png,1
one_238.png,1
one_239.png,1
one_240.png,1
one_241.png,1
one_242.png,1
one_243.png,1
one_244.png,1
one_245.png,1
one_247.png,1
one_248.png,1
one_249.png,1
one_250.png,1
one_251.png,1
one_252.png,1
one_253.png,1
one_254.png,1
one_255.png,1
one_256.png,1
one_258.png,1
one_260.png,1
one_261.png,1
one_262.png,1
one_263.png,1
one_264.png,1
one_265.png,1
one_266.png,1
one_267.png,1
one_268.png,1
one_269.png,1
one_270.png,1
one_271.png,1
one_272.png,1
one_273.png,1
one_274.png,1
one_275.png,1
one_276.png,1
one_277.png,1
one_278.png,1
one_279.png,1
one_280.png,1
one_281.png,1
one_282.png,1
one_283.png,1
one_284.png,1
one_285.png,1
one_286.png,1
one_287.png,1
one_288.png,1
one_289.png,1
one_290.png,1
one_291.png,1
one_292.png,1
one_293.png,1
one_294.png,1
one_295.png,1
one_296.png,1
one_297.png,1
one_298.png,1
one_299.png,1
one_300.png,1
one_301.png,1
one_302.png,1
one_303.png,1
one_304.png,1
one_305.png,1
one_306.png,1
one_307.png,1
one_308.png,1
one_309.png,1
one_310.png,1
one_311.png,1
one_312.png,1
one_313.png,1
one_314.png,1
one_315.png,1
one_316.png,1
one_317.png,1
one_318.png,1
one_319.png,1
one_320.png,1
one_321.png,1
one_322.png,1
one_323.png,1
one_324.png,1
one_325.png,1
one_326.png,1
one_327.png,1
one_328.png,1
one_329.png,1
one_330.png,1
one_331.png,1
one_332.png,1
one_333.png,1
one_335.png,1
one_336.png,1
one_337.png,1
one_338.png,1
one_339.png,1
one_340.png,1
one_341.png,1
one_342.png,1
one_344.png,1
one_345.png,1
one_346.png,1
one_347.png,1
one_348.png,1
one_349.png,1
one_350.png,1
one_351.png,1
one_352.png,1
one_353.png,1
one_354.png,1
one_355.png,1
one_356.png,1
one_357.png,1
one_358.png,1
one_359.png,1
one_360.png,1
seven_001.png,7
seven_003.png,7
seven_004.png,7
seven_005.png,7
seven_006.png,7
seven_007.png,7
seven_008.png,7
seven_009.png,7
seven_010.png,7
seven_011.png,7
seven_012.png,7
seven_013.png,7
seven_014.png,7
seven_015.png,7
seven_016.png,7
seven_017.png,7
seven_018.png,7
seven_020.png,7
seven_022.png,7
seven_023.png,7
seven_025.png,7
seven_027.png,7
seven_031.png,7
seven_033.png,7
seven_034.png,7
seven_035.png,7
seven_036.png,7
seven_037.png,7
seven_039.png,7
seven_041.png,7
seven_045.png,7
seven_046.png,7
seven_047.png,7
seven_048.png,7
seven_049.png,7
seven_050.png,7
seven_051.png,7
seven_054.png,7
seven_055.png,7
seven_056.png,7
seven_057.png,7
seven_058.png,7
seven_059.png,7
seven_061.png,7
seven_062.png,7
seven_063.png,7
seven_064.png,7
seven_065.png,7
seven_066.png,7
seven_067.png,7
seven_068.png,7
seven_069.png,7
seven_070.png,7
seven_071.png,7
seven_072.png,7
seven_076.png,7
seven_078.png,7
seven_079.png,7
seven_080.png,7
seven_082.png,7
seven_084.png,7
seven_085.png,7
seven_087.png,7
seven_088.png,7
seven_089.png,7
seven_090.png,7
seven_091.png,7
seven_092.png,7
seven_095.png,7
seven_096.png,7
seven_098.png,7
seven_099.png,7
seven_101.png,7
seven_102.png,7
seven_103.png,7
seven_105.png,7
seven_106.png,7
seven_108.png,7
seven_109.png,7
seven_110.png,7
seven_111.png,7
seven_112.png,7
seven_113.png,7
seven_114.png,7
seven_115.png,7
seven_116.png,7
seven_118.png,7
seven_119.png,7
seven_121.png,7
seven_123.png,7
seven_125.png,7
seven_126.png,7
seven_127.png,7
seven_128.png,7
seven_129.png,7
seven_130.png,7
seven_134.png,7
seven_135.png,7
seven_136.png,7
seven_137.png,7
seven_139.png,7
seven_140.png,7
seven_141.png,7
seven_142.png,7
seven_143.png,7
seven_144.png,7
seven_145.png,7
seven_147.png,7
seven_148.png,7
seven_149.png,7
seven_150.png,7
seven_153.png,7
seven_154.png,7
seven_158.png,7
seven_159.png,7
seven_160.png,7
seven_161.png,7
seven_162.png,7
seven_163.png,7
seven_164.png,7
seven_165.png,7
seven_166.png,7
seven_170.png,7
seven_172.png,7
seven_174.png,7
seven_175.png,7
seven_176.png,7
seven_177.png,7
seven_178.png,7
seven_180.png,7
seven_181.png,7
seven_182.png,7
seven_183.png,7
seven_184.png,7
seven_186.png,7
seven_187.png,7
seven_188.png,7
seven_189.png,7
seven_190.png,7
seven_192.png,7
seven_194.png,7
seven_197.png,7
seven_198.png,7
seven_199.png,7
seven_201.png,7
seven_203.png,7
seven_204.png,7
seven_205.png,7
seven_206.png,7
seven_207.png,7
seven_208.png,7
seven_209.png,7
seven_210.png,7
seven_211.png,7
seven_212.png,7
seven_213.png,7
seven_214.png,7
seven_216.png,7
seven_217.png,7
seven_218.png,7
seven_220.png,7
seven_221.png,7
seven_223.png,7
seven_224.png,7
seven_226.png,7
seven_227.png,7
seven_229.png,7
seven_231.png,7
seven_232.png,7
seven_233.png,7
seven_234.png,7
seven_236.png,7
seven_237.png,7
seven_238.png,7
seven_239.png,7
seven_240.png,7
seven_241.png,7
seven_243.png,7
seven_244.png,7
seven_245.png,7
seven_246.png,7
seven_248.png,7
seven_249.png,7
seven_250.png,7
seven_251.png,7
seven_253.png,7
seven_254.png,7
seven_255.png,7
seven_256.png,7
seven_259.png,7
seven_260.png,7
seven_262.png,7
seven_263.png,7
seven_264.png,7
seven_266.png,7
seven_267.png,7
seven_268.png,7
seven_270.png,7
seven_271.png,7
seven_272.png,7
seven_274.png,7
seven_277.png,7
seven_278.png,7
seven_279.png,7
seven_280.png,7
seven_281.png,7
seven_282.png,7
seven_283.png,7
seven_284.png,7
seven_285.png,7
seven_286.png,7
seven_287.png,7
seven_290.png,7
seven_291.png,7
seven_292.png,7
seven_294.png,7
seven_295.png,7
seven_296.png,7
seven_297.png,7
seven_298.png,7
seven_299.png,7
seven_300.png,7
seven_302.png,7
seven_303.png,7
seven_306.png,7
seven_307.png,7
seven_308.png,7
seven_309.png,7
seven_311.png,7
seven_312.png,7
seven_314.png,7
seven_315.png,7
seven_316.png,7
seven_318.png,7
seven_321.png,7
seven_322.png,7
seven_323.png,7
seven_324.png,7
seven_326.png,7
seven_327.png,7
seven_329.png,7
seven_330.png,7
seven_331.png,7
seven_333.png,7
seven_334.png,7
seven_335.png,7
seven_337.png,7
seven_338.png,7
seven_341.png,7
seven_342.png,7
seven_343.png,7
seven_344.png,7
seven_345.png,7
seven_346.png,7
seven_347.png,7
seven_349.png,7
seven_350.png,7
seven_351.png,7
seven_354.png,7
seven_355.png,7
seven_356.png,7
seven_357.png,7
seven_358.png,7
seven_359.png,7
seven_360.png,7
six_001.png,6
six_002.png,6
six_003.png,6
six_004.png,6
six_006.png,6
six_007.png,6
six_008.png,6
six_011.png,6
six_012.png,6
six_014.png,6
six_015.png,6
six_016.png,6
six_017.png,6
six_019.png,6
six_021.png,6
six_022.png,6
six_023.png,6
six_024.png,6
six_025.png,6
six_026.png,6
six_027.png,6
six_028.png,6
six_029.png,6
six_030.png,6
six_031.png,6
six_033.png,6
six_034.png,6
six_035.png,6
six_036.png,6
six_038.png,6
six_039.png,6
six_040.png,6
six_041.png,6
six_042.png,6
six_043.png,6
six_044.png,6
six_045.png,6
six_047.png,6
six_048.png,6
six_049.png,6
six_050.png,6
six_051.png,6
six_052.png,6
six_053.png,6
six_054.png,6
six_055.png,6
six_056.png,6
six_057.png,6
six_058.png,6
six_060.png,6
six_061.png,6
six_062.png,6
six_063.png,6
six_064.png,6
six_066.png,6
six_068.png,6
six_070.png,6
six_072.png,6
six_073.png,6
six_074.png,6
six_075.png,6
six_076.png,6
six_078.png,6
six_079.png,6
six_081.png,6
six_082.png,6
six_083.png,6
six_084.png,6
six_085.png,6
six_086.png,6
six_088.png,6
six_089.png,6
six_091.png,6
six_092.png,6
six_093.png,6
six_094.png,6
six_095.png,6
six_097.png,6
six_100.png,6
six_101.png,6
six_102.png,6
six_103.png,6
six_105.png,6
six_106.png,6
six_107.png,6
six_108.png,6
six_109.png,6
six_110.png,6
six_111.png,6
six_113.png,6
six_114.png,6
six_115.png,6
six_116.png,6
six_118.png,6
six_119.png,6
six_121.png,6
six_126.png,6
six_127.png,6
six_128.png,6
six_129.png,6
six_130.png,6
six_131.png,6
six_133.png,6
six_134.png,6
six_135.png,6
six_138.png,6
six_139.png,6
six_142.png,6
six_143.png,6
six_144.png,6
six_145.png,6
six_148.png,6
six_150.png,6
six_153.png,6
six_154.png,6
six_155.png,6
six_156.png,6
six_158.png,6
six_160.png,6
six_161.png,6
six_162.png,6
six_163.png,6
six_164.png,6
six_165.png,6
six_166.png,6
six_167.png,6
six_168.png,6
six_169.png,6
six_173.png,6
six_174.png,6
six_175.png,6
six_176.png,6
six_177.png,6
six_178.png,6
six_179.png,6
six_180.png,6
six_181.png,6
six_182.png,6
six_183.png,6
six_184.png,6
six_186.png,6
six_187.png,6
six_188.png,6
six_190.png,6
six_192.png,6
six_193.png,6
six_194.png,6
six_195.png,6
six_196.png,6
six_198.png,6
six_199.png,6
six_200.png,6
six_201.png,6
six_202.png,6
six_203.png,6
six_206.png,6
six_207.png,6
six_208.png,6
six_209.png,6
six_210.png,6
six_211.png,6
six_212.png,6
six_213.png,6
six_214.png,6
six_215.png,6
six_217.png,6
six_218.png,6
six_219.png,6
six_220.png,6
six_221.png,6
six_224.png,6
six_226.png,6
six_228.png,6
six_230.png,6
six_232.png,6
six_233.png,6
six_234.png,6
six_236.png,6
six_238.png,6
six_239.png,6
six_240.png,6
six_241.png,6
six_242.png,6
six_243.png,6
six_244.png,6
six_246.png,6
six_248.png,6
six_249.png,6
six_250.png,6
six_251.png,6
six_253.png,6
six_255.png,6
six_256.png,6
six_257.png,6
six_258.png,6
six_259.png,6
six_261.png,6
six_262.png,6
six_263.png,6
six_264.png,6
six_265.png,6
six_266.png,6
six_268.png,6
six_269.png,6
six_270.png,6
six_271.png,6
six_273.png,6
six_274.png,6
six_275.png,6
six_276.png,6
six_278.png,6
six_280.png,6
six_281.png,6
six_282.png,6
six_283.png,6
six_284.png,6
six_286.png,6
six_287.png,6
six_288.png,6
six_290.png,6
six_291.png,6
six_292.png,6
six_293.png,6
six_294.png,6
six_295.png,6
six_296.png,6
six_297.png,6
six_298.png,6
six_299.png,6
six_303.png,6
six_304.png,6
six_305.png,6
six_306.png,6
six_308.png,6
six_309.png,6
six_310.png,6
six_312.png,6
six_314.png,6
six_317.png,6
six_318.png,6
six_319.png,6
six_320.png,6
six_321.png,6
six_322.png,6
six_323.png,6
six_324.png,6
six_326.png,6
six_327.png,6
six_328.png,6
six_329.png,6
six_330.png,6
six_331.png,6
six_332.png,6
six_333.png,6
six_334.png,6
six_335.png,6
six_336.png,6
six_337.png,6
six_338.png,6
six_339.png,6
six_340.png,6
six_343.png,6
six_344.png,6
six_346.png,6
six_349.png,6
six_350.png,6
six_353.png,6
six_354.png,6
six_355.png,6
six_356.png,6
six_357.png,6
six_358.png,6
six_359.png,6
six_360.png,6
three_001.png,3
three_002.png,3
three_006.png,3
three_010.png,3
three_012.png,3
three_013.png,3
three_018.png,3
three_020.png,3
three_025.png,3
three_026.png,3
three_029.png,3
three_046.png,3
three_049.png,3
three_055.png,3
three_056.png,3
three_057.png,3
three_062.png,3
three_070.png,3
three_074.png,3
three_075.png,3
three_076.png,3
three_078.png,3
three_079.png,3
three_085.png,3
three_086.png,3
three_087.png,3
three_101.png,3
three_104.png,3
three_105.png,3
three_107.png,3
three_111.png,3
three_121.png,3
three_131.png,3
three_133.png,3
three_142.png,3
three_148.png,3
three_155.png,3
three_160.png,3
three_163.png,3
three_165.png,3
three_177.png,3
three_180.png,3
three_182.png,3
three_194.png,3
three_202.png,3
three_203.png,3
three_205.png,3
three_206.png,3
three_210.png,3
three_212.png,3
three_219.png,3
three_221.png,3
three_230.png,3
three_234.png,3
three_242.png,3
three_244.png,3
three_246.png,3
three_262.png,3
three_273.png,3
three_278.png,3
three_282.png,3
three_283.png,3
three_287.png,3
three_289.png,3
three_296.png,3
three_297.png,3
three_300.png,3
three_301.png,3
three_305.png,3
three_346.png,3
three_348.png,3
three_352.png,3
three_353.png,3
three_358.png,3
two_001.png,2
two_002.png,2
two_003.png,2
two_005.png,2
two_006.png,2
two_007.png,2
two_008.png,2
two_009.png,2
two_010.png,2
two_011.png,2
two_012.png,2
two_013.png,2
two_014.png,2
two_015.png,2
two_016.png,2
two_017.png,2
two_018.png,2
two_019.png,2
two_020.png,2
two_022.png,2
two_023.png,2
two_024.png,2
two_025.png,2
two_026.png,2
two_027.png,2
two_028.png,2
two_029.png,2
two_030.png,2
two_031.png,2
two_033.png,2
two_034.png,2
two_035.png,2
two_036.png,2
two_037.png,2
two_038.png,2
two_039.png,2
two_040.png,2
two_041.png,2
two_042.png,2
two_043.png,2
two_044.png,2
two_045.png,2
two_046.png,2
two_048.png,2
two_049.png,2
two_050.png,2
two_051.png,2
two_052.png,2
two_053.png,2
two_055.png,2
two_056.png,2
two_057.png,2
two_058.png,2
two_059.png,2
two_060.png,2
two_061.png,2
two_062.png,2
two_063.png,2
two_064.png,2
two_065.png,2
two_066.png,2
two_068.png,2
two_069.png,2
two_071.png,2
two_072.png,2
two_073.png,2
two_074.png,2
two_076.png,2
two_077.png,2
two_078.png,2
two_080.png,2
two_082.png,2
two_083.png,2
two_084.png,2
two_085.png,2
two_086.png,2
two_087.png,2
two_088.png,2
two_089.png,2
two_090.png,2
two_091.png,2
two_092.png,2
two_094.png,2
two_095.png,2
two_096.png,2
two_098.png,2
two_099.png,2
two_100.png,2
two_101.png,2
two_102.png,2
two_103.png,2
two_104.png,2
two_105.png,2
two_106.png,2
two_107.png,2
two_108.png,2
two_109.png,2
two_110.png,2
two_111.png,2
two_112.png,2
two_113.png,2
two_114.png,2
two_115.png,2
two_116.png,2
two_117.png,2
two_118.png,2
two_119.png,2
two_120.png,2
two_121.png,2
two_122.png,2
two_124.png,2
two_125.png,2
two_126.png,2
two_127.png,2
two_128.png,2
two_129.png,2
two_130.png,2
two_131.png,2
two_133.png,2
two_134.png,2
two_135.png,2
two_136.png,2
two_137.png,2
two_138.png,2
two_139.png,2
two_142.png,2
two_143.png,2
two_144.png,2
two_145.png,2
two_146.png,2
two_147.png,2
two_148.png,2
two_149.png,2
two_150.png,2
two_151.png,2
two_152.png,2
two_155.png,2
two_156.png,2
two_157.png,2
two_158.png,2
two_159.png,2
two_160.png,2
two_161.png,2
two_162.png,2
two_163.png,2
two_164.png,2
two_165.png,2
two_166.png,2
two_167.png,2
two_168.png,2
two_171.png,2
two_172.png,2
two_173.png,2
two_174.png,2
two_175.png,2
two_176.png,2
two_177.png,2
two_178.png,2
two_179.png,2
two_180.png,2
two_181.png,2
two_182.png,2
two_183.png,2
two_184.png,2
two_185.png,2
two_186.png,2
two_187.png,2
two_188.png,2
two_189.png,2
two_190.png,2
two_191.png,2
two_192.png,2
two_193.png,2
two_194.png,2
two_196.png,2
two_197.png,2
two_198.png,2
two_200.png,2
two_201.png,2
two_202.png,2
two_203.png,2
two_204.png,2
two_205.png,2
two_206.png,2
two_207.png,2
two_208.png,2
two_209.png,2
two_210.png,2
two_211.png,2
two_212.png,2
two_213.png,2
two_215.png,2
two_216.png,2
two_217.png,2
two_219.png,2
two_220.png,2
two_221.png,2
two_222.png,2
two_223.png,2
two_224.png,2
two_225.png,2
two_226.png,2
two_227.png,2
two_228.png,2
two_229.png,2
two_230.png,2
two_231.png,2
two_232.png,2
two_233.png,2
two_234.png,2
two_235.png,2
two_236.png,2
two_237.png,2
two_238.png,2
two_239.png,2
two_240.png,2
two_241.png,2
two_242.png,2
two_243.png,2
two_244.png,2
two_245.png,2
two_246.png,2
two_247.png,2
two_249.png,2
two_250.png,2
two_251.png,2
two_252.png,2
two_253.png,2
two_254.png,2
two_255.png,2
two_256.png,2
two_257.png,2
two_258.png,2
two_259.png,2
two_260.png,2
two_261.png,2
two_262.png,2
two_263.png,2
two_264.png,2
two_265.png,2
two_266.png,2
two_267.png,2
two_268.png,2
two_269.png,2
two_270.png,2
two_271.png,2
two_272.png,2
two_274.png,2
two_275.png,2
two_276.png,2
two_277.png,2
two_278.png,2
two_279.png,2
two_280.png,2
two_281.png,2
two_282.png,2
two_285.png,2
two_286.png,2
two_287.png,2
two_288.png,2
two_289.png,2
two_290.png,2
two_291.png,2
two_292.png,2
two_293.png,2
two_294.png,2
two_295.png,2
two_296.png,2
two_297.png,2
two_298.png,2
two_299.png,2
two_300.png,2
two_301.png,2
two_302.png,2
two_303.png,2
two_304.png,2
two_305.png,2
two_306.png,2
two_307.png,2
two_308.png,2
two_309.png,2
two_310.png,2
two_311.png,2
two_312.png,2
two_313.png,2
two_314.png,2
two_315.png,2
two_316.png,2
two_317.png,2
two_318.png,2
two_319.png,2
two_320.png,2
two_321.png,2
two_322.png,2
two_323.png,2
two_324.png,2
two_325.png,2
two_326.png,2
two_328.png,2
two_329.png,2
two_330.png,2
two_331.png,2
two_332.png,2
two_333.png,2
two_335.png,2
two_336.png,2
two_337.png,2
two_338.png,2
two_339.png,2
two_340.png,2
two_341.png,2
two_342.png,2
two_343.png,2
two_344.png,2
two_345.png,2
two_346.png,2
two_347.png,2
two_348.png,2
two_349.png,2
two_350.png,2
two_351.png,2
two_352.png,2
two_353.png,2
two_354.png,2
two_355.png,2
two_356.png,2
two_357.png,2
two_358.png,2
two_359.png,2
two_360.png,2
zero_002.png,10
zero_005.png,10
zero_006.png,10
zero_007.png,10
zero_008.png,10
zero_010.png,10
zero_012.png,10
zero_013.png,10
zero_014.png,10
zero_015.png,10
zero_017.png,10
zero_018.png,10
zero_019.png,10
zero_020.png,10
zero_021.png,10
zero_022.png,10
zero_023.png,10
zero_025.png,10
zero_027.png,10
zero_028.png,10
zero_029.png,10
zero_030.png,10
zero_031.png,10
zero_032.png,10
zero_033.png,10
zero_034.png,10
zero_036.png,10
zero_037.png,10
zero_038.png,10
zero_039.png,10
zero_040.png,10
zero_041.png,10
zero_043.png,10
zero_044.png,10
zero_045.png,10
zero_046.png,10
zero_048.png,10
zero_049.png,10
zero_051.png,10
zero_054.png,10
zero_055.png,10
zero_058.png,10
zero_061.png,10
zero_062.png,10
zero_064.png,10
zero_065.png,10
zero_066.png,10
zero_067.png,10
zero_068.png,10
zero_070.png,10
zero_071.png,10
zero_072.png,10
zero_077.png,10
zero_079.png,10
zero_080.png,10
zero_081.png,10
zero_082.png,10
zero_083.png,10
zero_086.png,10
zero_087.png,10
zero_088.png,10
zero_089.png,10
zero_090.png,10
zero_091.png,10
zero_095.png,10
zero_097.png,10
zero_099.png,10
zero_102.png,10
zero_103.png,10
zero_105.png,10
zero_107.png,10
zero_109.png,10
zero_110.png,10
zero_111.png,10
zero_112.png,10
zero_113.png,10
zero_114.png,10
zero_115.png,10
zero_116.png,10
zero_117.png,10
zero_118.png,10
zero_119.png,10
zero_120.png,10
zero_121.png,10
zero_122.png,10
zero_124.png,10
zero_125.png,10
zero_127.png,10
zero_129.png,10
zero_130.png,10
zero_131.png,10
zero_133.png,10
zero_134.png,10
zero_135.png,10
zero_136.png,10
zero_137.png,10
zero_138.png,10
zero_140.png,10
zero_141.png,10
zero_144.png,10
zero_146.png,10
zero_147.png,10
zero_149.png,10
zero_150.png,10
zero_152.png,10
zero_153.png,10
zero_154.png,10
zero_155.png,10
zero_157.png,10
zero_158.png,10
zero_160.png,10
zero_161.png,10
zero_162.png,10
zero_163.png,10
zero_164.png,10
zero_166.png,10
zero_167.png,10
zero_168.png,10
zero_172.png,10
zero_173.png,10
zero_174.png,10
zero_175.png,10
zero_176.png,10
zero_177.png,10
zero_178.png,10
zero_179.png,10
zero_180.png,10
zero_181.png,10
zero_182.png,10
zero_185.png,10
zero_188.png,10
zero_189.png,10
zero_191.png,10
zero_193.png,10
zero_194.png,10
zero_195.png,10
zero_196.png,10
zero_197.png,10
zero_198.png,10
zero_200.png,10
zero_201.png,10
zero_202.png,10
zero_203.png,10
zero_204.png,10
zero_205.png,10
zero_207.png,10
zero_208.png,10
zero_209.png,10
zero_210.png,10
zero_211.png,10
zero_212.png,10
zero_215.png,10
zero_216.png,10
zero_218.png,10
zero_221.png,10
zero_222.png,10
zero_223.png,10
zero_224.png,10
zero_225.png,10
zero_226.png,10
zero_228.png,10
zero_229.png,10
zero_231.png,10
zero_232.png,10
zero_233.png,10
zero_234.png,10
zero_235.png,10
zero_236.png,10
zero_237.png,10
zero_239.png,10
zero_240.png,10
zero_241.png,10
zero_242.png,10
zero_243.png,10
zero_244.png,10
zero_245.png,10
zero_246.png,10
zero_248.png,10
zero_249.png,10
zero_251.png,10
zero_252.png,10
zero_253.png,10
zero_254.png,10
zero_255.png,10
zero_256.png,10
zero_257.png,10
zero_259.png,10
zero_261.png,10
zero_262.png,10
zero_263.png,10
zero_264.png,10
zero_265.png,10
zero_266.png,10
zero_267.png,10
zero_268.png,10
zero_269.png,10
zero_270.png,10
zero_271.png,10
zero_272.png,10
zero_273.png,10
zero_275.png,10
zero_276.png,10
zero_277.png,10
zero_278.png,10
zero_279.png,10
zero_280.png,10
zero_281.png,10
zero_284.png,10
zero_285.png,10
zero_286.png,10
zero_287.png,10
zero_288.png,10
zero_291.png,10
zero_292.png,10
zero_294.png,10
zero_297.png,10
zero_298.png,10
zero_299.png,10
zero_301.png,10
zero_302.png,10
zero_303.png,10
zero_304.png,10
zero_305.png,10
zero_306.png,10
zero_307.png,10
zero_308.png,10
zero_309.png,10
zero_311.png,10
zero_312.png,10
zero_313.png,10
zero_314.png,10
zero_316.png,10
zero_317.png,10
zero_318.png,10
zero_321.png,10
zero_323.png,10
zero_324.png,10
zero_325.png,10
zero_326.png,10
zero_327.png,10
zero_329.png,10
zero_331.png,10
zero_333.png,10
zero_334.png,10
zero_336.png,10
zero_337.png,10
zero_338.png,10
zero_339.png,10
zero_340.png,10
zero_341.png,10
zero_342.png,10
zero_344.png,10
zero_345.png,10
zero_346.png,10
zero_347.png,10
zero_348.png,10
zero_349.png,10
zero_351.png,10
zero_352.png,10
zero_353.png,10
zero_354.png,10
zero_355.png,10
zero_356.png,10
zero_357.png,10
zero_358.png,10
zero_359.png,10
zero_360.png,10
